<?xml version="1.0" encoding="UTF-8"?>
        <!DOCTYPE computer_components SYSTEM "computer_components.dtd">
        <computer_components>
          <component>
            <name>Processor</name>
            <brand>Intel</brand>
            <model>Core i7</model>
            <version>5700K</version>
          </component>
          <component>
            <name>Graphics Card</name>
            <brand>NVIDIA</brand>
            <model>GeForce RTX 3080</model>
          </component>
          <component>
            <name>Memory</name>
            <brand>Corsair</brand>
            <model>Vengeance RGB Pro</model>
          </component>
          <component>
            <name>Storage</name>
            <brand>Samsung</brand>
            <model>970 EVO Plus</model>
          </component>
          <component>
            <name>Motherboard</name>
            <brand>ASUS</brand>
            <model>ROG Strix Z590-E Gaming</model>
          </component>
        </computer_components>